{"FE_LEBT:BCM_D0989:AVGPK_RD":{"average":17.3634960207,"standard_deviation":6.5258508215},"FE_LEBT:BCM_D0989:AVG_RD":{"average":0.688303555,"standard_deviation":0.5028146078},"FE_MEBT:BCM_D1055:AVGPK_RD":{"average":14.9604884651,"standard_deviation":6.4881672894},"FE_MEBT:BCM_D1055:AVG_RD":{"average":0.6004338108,"standard_deviation":0.4601411666},"FE_MEBT:BPM_D1056:PHASE_RD":{"average":77.9190946667,"standard_deviation":0.7212692988},"FE_MEBT:BPM_D1056:XPOS_RD":{"average":-0.052088148,"standard_deviation":1.1945109916},"FE_MEBT:BPM_D1056:YPOS_RD":{"average":0.0613720466,"standard_deviation":1.441335345},"FE_MEBT:BPM_D1072:PHASE_RD":{"average":-24.7304614168,"standard_deviation":3.0089747368},"FE_MEBT:BPM_D1072:XPOS_RD":{"average":0.1373586756,"standard_deviation":1.4048024711},"FE_MEBT:BPM_D1072:YPOS_RD":{"average":0.1607502614,"standard_deviation":1.1634342833},"FE_MEBT:BPM_D1094:PHASE_RD":{"average":-12.685464405,"standard_deviation":10.7686677868},"FE_MEBT:BPM_D1094:XPOS_RD":{"average":-0.5004351433,"standard_deviation":2.0176184418},"FE_MEBT:BPM_D1094:YPOS_RD":{"average":-0.2765325484,"standard_deviation":2.2361090699},"FE_LEBT:DCH_D0773:I_CSET*Q\/A":{"average":0.0882959575,"standard_deviation":0.077386397},"FE_LEBT:DCH_D0790:I_CSET*Q\/A":{"average":0.1962164549,"standard_deviation":0.1765710163},"FE_LEBT:DCH_D0805:I_CSET*Q\/A":{"average":0.0439450746,"standard_deviation":0.065854511},"FE_LEBT:DCH_D0821:I_CSET*Q\/A":{"average":0.0005236326,"standard_deviation":0.0482201856},"FE_LEBT:DCH_D0840:I_CSET*Q\/A":{"average":-0.2149011321,"standard_deviation":0.068735292},"FE_LEBT:DCH_D0868:I_CSET*Q\/A":{"average":0.389234656,"standard_deviation":0.0911084942},"FE_LEBT:DCH_D0880:I_CSET*Q\/A":{"average":-0.2961197334,"standard_deviation":0.0877631775},"FE_LEBT:DCH_D0901:I_CSET*Q\/A":{"average":1.633081184e-19,"standard_deviation":0.0738335303},"FE_LEBT:DCH_D0929:I_CSET*Q\/A":{"average":-0.0165339424,"standard_deviation":0.0650510675},"FE_LEBT:DCH_D0948:I_CSET*Q\/A":{"average":0.2180396422,"standard_deviation":0.2129583089},"FE_LEBT:DCH_D0964:I_CSET*Q\/A":{"average":-0.2926971188,"standard_deviation":0.1757357334},"FE_LEBT:DCH_D0979:I_CSET*Q\/A":{"average":0.20652992,"standard_deviation":0.1173110178},"FE_LEBT:DCH_D0992:I_CSET*Q\/A":{"average":-0.1377161391,"standard_deviation":0.1366652423},"FE_LEBT:DCV_D0773:I_CSET*Q\/A":{"average":0.0448832707,"standard_deviation":0.0418524908},"FE_LEBT:DCV_D0790:I_CSET*Q\/A":{"average":0.1362671372,"standard_deviation":0.126382214},"FE_LEBT:DCV_D0805:I_CSET*Q\/A":{"average":0.0443374212,"standard_deviation":0.0434586832},"FE_LEBT:DCV_D0821:I_CSET*Q\/A":{"average":0.0022761989,"standard_deviation":0.0525988583},"FE_LEBT:DCV_D0840:I_CSET*Q\/A":{"average":-0.0944664873,"standard_deviation":0.0633442739},"FE_LEBT:DCV_D0868:I_CSET*Q\/A":{"average":-0.0203283043,"standard_deviation":0.0803772161},"FE_LEBT:DCV_D0880:I_CSET*Q\/A":{"average":0.0080601574,"standard_deviation":0.0650925228},"FE_LEBT:DCV_D0901:I_CSET*Q\/A":{"average":-0.0004274552,"standard_deviation":0.0200129386},"FE_LEBT:DCV_D0929:I_CSET*Q\/A":{"average":0.0020546195,"standard_deviation":0.0647440004},"FE_LEBT:DCV_D0948:I_CSET*Q\/A":{"average":0.0034328593,"standard_deviation":0.0550440321},"FE_LEBT:DCV_D0964:I_CSET*Q\/A":{"average":-0.2035056398,"standard_deviation":0.1565384895},"FE_LEBT:DCV_D0979:I_CSET*Q\/A":{"average":0.0473119814,"standard_deviation":0.1778668559},"FE_LEBT:DCV_D0992:I_CSET*Q\/A":{"average":0.0468391805,"standard_deviation":0.118668746}}